<?xml version="1.0" encoding="UTF-8"?>
<project-private xmlns="http://www.netbeans.org/ns/project-private/1">
    <editor-bookmarks xmlns="http://www.netbeans.org/ns/editor-bookmarks/2" lastBookmarkId="0"/>
    <open-files xmlns="http://www.netbeans.org/ns/projectui-open-files/2">
        <group>
            <file>file:/D:/Users/verifica.PASCAL/Documents/NetBeansProjects/Pista_Dunga/src/pista_dunga/Pista_Dunga.java</file>
            <file>file:/D:/Users/verifica.PASCAL/Documents/NetBeansProjects/Pista_Dunga/src/pista_dunga/Aereo.java</file>
            <file>file:/D:/Users/verifica.PASCAL/Documents/NetBeansProjects/Pista_Dunga/src/pista_dunga/TorreControllo.java</file>
        </group>
    </open-files>
</project-private>
