<?xml version="1.0" encoding="UTF-8"?>
<project-private xmlns="http://www.netbeans.org/ns/project-private/1">
    <editor-bookmarks xmlns="http://www.netbeans.org/ns/editor-bookmarks/2" lastBookmarkId="0"/>
    <open-files xmlns="http://www.netbeans.org/ns/projectui-open-files/2">
        <group>
            <file>file:/D:/Users/verifica25/Desktop/Array_Bagni/src/array_bagni/Numeri.java</file>
            <file>file:/D:/Users/verifica25/Desktop/Array_Bagni/src/array_bagni/Array_Bagni.java</file>
        </group>
    </open-files>
</project-private>
